{
  "persons": [
    {
      "name": "Captain Falakofalako",
      "wins": 62,
      "losses": 49,
      "elo": [
        414,
        1240,
        1255.7237172537255,
        1238.005846211245,
        1221.9132053868434,
        1207.2992675615326,
        1226.0084598210497,
        1243.0194692866767,
        1258.4652774616493,
        1258.4594193505347,
        1258.453561634429
      ],
      "id": 12124,
      "rank": 5,
      "percentage": 0.5585585585585585
    },
    {
      "name": "Carlos Magnussen",
      "wins": 322,
      "losses": 54,
      "elo": [
        2844,
        2852.2388621138216,
        2859.91090915172,
        2835.0796668548646,
        2811.962274950737,
        2790.6489045640037,
        2771.146801245671,
        2753.3904220768536,
        2753.396280187968,
        2753.4021379040737,
        2721.4131381255165,
        2689.4290338365345,
        2657.4520008461554,
        2625.485178900513,
        2625.533095362664,
        2625.5809854381223,
        2625.6288491559153,
        2625.6766865450227,
        2625.724497634377,
        2625.7722824528614,
        2625.820041029314,
        2625.867773392523,
        2625.915479571231,
        2625.963159594133,
        2626.010813489876,
        2626.058441287061,
        2626.106043014242,
        2626.1536186999256,
        2626.201168372572,
        2626.2486920605943,
        2626.2961897923606,
        2626.343661596191,
        2594.39110750036,
        2594.449503547782,
        2594.507860419764,
        2562.5661781687927,
        2530.650348206424,
        2530.7717512925597,
        2530.89298545398,
        2499.0140511594004,
        2499.1885079340786,
        2467.3626165671735,
        2435.6131728555924,
        2403.973050246379,
        2404.488532903288,
        2405.0010142270817,
        2405.5105287350702,
        2374.0171103551634,
        2374.740083524833,
        2375.4571982718826,
        2376.16854789963,
        2360.874223514051,
        2345.712209339848,
        2330.7050580836776,
        2315.8782928766677,
        2285.2604742964177,
        2271.1915436913505,
        2257.4383139523597,
        2242.8801223219725,
        2228.5711180826574
      ],
      "id": 2455,
      "rank": 2,
      "percentage": 0.8563829787234043
    },
    {
      "name": "Dan Hibiki",
      "wins": 12,
      "losses": 86,
      "elo": [
        840
      ],
      "id": 1566
    },
    {
      "name": "Hasko Curly",
      "wins": 65,
      "losses": 87,
      "elo": [
        1336,
        1335.9957830265346,
        1367.99156625777,
        1367.9857411664989,
        1367.9799164657964,
        1367.9740921556104,
        1367.9682682358884,
        1367.9624447065783,
        1399.9514444851354,
        1431.9355487741173,
        1463.9125817644963,
        1495.8794037101388,
        1495.8314872479878,
        1495.7835971725294,
        1495.7357334547364,
        1495.6878960656288,
        1495.640084976275,
        1495.59230015779,
        1495.5445415813379,
        1495.4968092181286,
        1495.4491030394206,
        1495.401423016519,
        1495.353769120776,
        1495.306141323591,
        1495.2585395964102,
        1495.2109639107268,
        1495.1634142380806,
        1495.115890550058,
        1495.068392818292,
        1495.020921014462,
        1526.9734751102933,
        1499.20180032627,
        1499.1434042788476,
        1499.085047406866,
        1531.026729657837,
        1562.9425596202057,
        1562.82115653407,
        1562.6999223726498,
        1594.5788566672297,
        1594.4043998925517,
        1626.2302912594569,
        1657.979734971038,
        1689.6198575802514,
        1689.1043749233424,
        1688.5918935995492,
        1688.0823790915606,
        1719.5757974714675,
        1718.8528243017975,
        1718.135709554748,
        1717.4243599270003,
        1732.7186843125792,
        1747.8806984867824,
        1762.887849742953,
        1777.714614949963,
        1808.3324335302132,
        1822.4013641352803,
        1836.1545938742713,
        1822.852521200788,
        1809.9536715672537,
        1797.496341334144,
        1785.5167041470415,
        1774.0474367495776,
        1763.1164159266723,
        1752.7456097485735,
        1726.950270840458,
        1741.508462470845,
        1755.81746671016,
        1769.842331069902
      ],
      "id": 156654,
      "rank": 3,
      "percentage": 0.4276315789473684
    },
    {
      "name": "Sharoka",
      "wins": 133,
      "losses": 155,
      "elo": [
        1234,
        1218.2762827462745,
        1235.994153788755,
        1252.0867946131566,
        1266.7007324384674,
        1247.9915401789503,
        1230.9805307133233,
        1215.5347225383507,
        1201.5017469345287,
        1188.7264964405895,
        1177.0616344249431,
        1166.3730454406216,
        1156.5418316193302,
        1147.4642585247675,
        1139.0506429438637,
        1131.2238004187968
      ],
      "id": 15665,
      "rank": 6,
      "percentage": 0.4618055555555556
    },
    {
      "name": "Don Abrammov",
      "wins": 232,
      "losses": 141,
      "elo": [
        1422,
        1421.9920498657455,
        1421.984100458947,
        1421.9761517794718,
        1421.9682038271867,
        1421.9413752134396,
        1421.914554878179,
        1421.887742816299,
        1421.8609390226989,
        1421.8341434922822,
        1421.8073562199577,
        1435.109428893441,
        1448.0082785269753,
        1460.465608760085,
        1472.4452459471875,
        1483.9145133446514,
        1494.8455341675567,
        1505.2163403456555,
        1531.011679253771
      ],
      "id": 156633,
      "rank": 4,
      "percentage": 0.6219839142091153
    },
    {
      "name": "Pudit Jolgar",
      "wins": 522,
      "losses": 232,