{
  "persons": [
    {
      "name": "Captain Falakofalako",
      "wins": 62,
      "losses": 49,
      "elo": [
        414,
        1240,
        1255.7237172537255,
        1238.005846211245,
        1221.9132053868434,
        1207.2992675615326,
        1226.0084598210497,
        1243.0194692866767,
        1258.4652774616493,
        1272.4982530654713,
        1285.2735035594105,
        1296.9383655750569,
        1307.6269545593784,
        1317.4581683806698,
        1326.5357414752325,
        1334.9493570561363,
        1342.7761995812032
      ],
      "id": 12124,
      "rank": 5,
      "percentage": 0.5585585585585585
    },
    {
      "name": "Carlos Magnussen",
      "wins": 322,
      "losses": 54,
      "elo": [
        2844,
        2852.2388621138216,
        2859.91090915172,
        2867.0796668548646,
        2873.79978252219,
        2881.0334977275056,
        2888.03674989985,
        2888.040966873315,
        2856.0451836420793,
        2863.867042150971,
        2863.8749922852253,
        2863.8829416920235,
        2863.8908903714987,
        2863.898838323784,
        2863.904663415055,
        2863.9104881157573,
        2863.9163124259435,
        2863.9221363456654,
        2863.927959874976,
        2871.4847629766296,
        2878.556044868968,
        2885.189055837735,
        2891.429495469167,
        2897.316907792288,
        2902.885630899987,
        2908.1655943082615,
        2913.1829857060566,
        2917.9608076473055,
        2922.519342466427,
        2926.8765411056315,
        2931.048349036219,
        2935.0489802114516,
        2938.891148059557,
        2942.586260907223,
        2946.144587886211,
        2949.575400279539,
        2952.8870923699533,
        2956.0872851266527,
        2959.1829154756647,
        2962.180313419269,
        2965.085268879178,
        2967.903089819642,
        2970.63865294633,
        2973.296448063517,
        2975.880616996872,
        2978.3949878446874,
        2980.8431052010237,
        2983.2282568952487,
        2985.553497710129,
        2987.82167047194,
        2990.0354248485864,
        2992.1972341434766,
        2994.3094103322665,
        2996.3741175552996,
        2998.393384249512,
        3000.369114078911,
        3002.303095801724,
        3004.197012194387,
        3006.052448137173,
        3007.8708979530948,
        3009.6537720803603,
        3011.402403148892,
        3013.118051522949,
        3014.801910364571,
        3016.4551102661926,
        3018.078723495231,
        3019.673767888625,
        3021.2412104310683,
        3022.7819705469806,
        3024.2969231330167,
        3025.7869013550508,
        3027.2526992310577,
        3028.6950740190946,
        3030.1147484276216,
        3031.512412663658,
        3032.888726332732,
        3034.244320203208,
        3035.5797978463547,
        3036.895737162431,
        3038.1926918020977,
        3039.4711924915864,
        3040.7317482692893,
        3041.974847640731,
        3011.200959658255,
        2980.920377544587,
        2951.3035662359366,
        2922.5566513788294,
        2894.9122335398683,
        2868.6094482916787,
        2843.86476890016,
        2820.8407110072085,
        2799.62309919348,
        2780.2149689111197,
        2762.5474748089464,
        2778.50114038081,
        2792.9899368661972,
        2806.1695182005824,
        2818.1906491499044,
        2829.1922346323495,
        2839.2983407522665,
        2848.617693629524,
        2857.244522591554,
        2865.2600150737394,
        2872.733956691561,
        2879.726331341057,
        2886.2887769534914,
        2892.465859911982,
        2898.2961660724122,
        2903.813222685438
      ],
      "id": 2455,
      "rank": 1,
      "percentage": 0.8563829787234043
    },
    {
      "name": "Dan Hibiki",
      "wins": 12,
      "losses": 86,
      "elo": [
        840
      ],
      "id": 1566
    },
    {
      "name": "Hasko Curly",
      "wins": 65,
      "losses": 87,
      "elo": [
        1336,
        1335.9957830265346,
        1367.99156625777,
        1367.9857411664989,
        1367.9799164657964,
        1367.9740921556104,
        1367.9682682358884,
        1367.9624447065783
      ],
      "id": 156654,
      "rank": 4,
      "percentage": 0.4276315789473684
    },
    {
      "name": "Sharoka",
      "wins": 133,
      "losses": 155,
      "elo": [
        1234,
        1218.2762827462745,
        1235.994153788755,
        1252.0867946131566,
        1266.7007324384674,
        1247.9915401789503,
        1230.9805307133233,
        1215.5347225383507,
        1201.5017469345287,
        1188.7264964405895,
        1177.0616344249431,
        1166.3730454406216,
        1156.5418316193302,
        1147.4642585247675,
        1139.0506429438637,
        1131.2238004187968
      ],
      "id": 15665,
      "rank": 6,
      "percentage": 0.4618055555555556
    },
    {
      "name": "Don Abrammov",
      "wins": 232,
      "losses": 141,
      "elo": [
        1422,
        1421.9920498657455,
        1421.984100458947,
        1421.9761517794718,
        1421.9682038271867,
        1421.9413752134396,
        1421.914554878179,
        1421.887742816299,
        1421.8609390226989,
        1421.8341434922822,
        1421.8073562199577
      ],
      "id": 156633,
      "rank": 3,
      "percentage": 0.6219839142091153
    },
    {
      "name": "Pudit Jolgar",
      "wins": 522,
      "losses": 232,